{"cameraMode":{"drawMode":0,"name":"Shaded","section":"Shading Mode"},"sceneLighting":false,"audioPlay":false,"sceneViewState":{"showFog":true,"showMaterialUpdate":false,"showSkybox":false,"showFlares":true,"showImageEffects":true,"showParticleSystems":true,"showVisualEffectGraphs":true,"m_FxEnabled":true},"in2DMode":false,"pivot":{"x":-0.03348183631896973,"y":0.9527715444564819,"z":-0.120968759059906},"rotation":{"x":0.06038099527359009,"y":0.7163775563240051,"z":-0.06248265504837036,"w":0.6922836899757385},"size":1.8195018768310547,"orthographic":false}