{"cameraMode":{"drawMode":0,"name":"Shaded","section":"Shading Mode"},"sceneLighting":false,"audioPlay":false,"sceneViewState":{"showFog":true,"showMaterialUpdate":false,"showSkybox":true,"showFlares":true,"showImageEffects":true,"showParticleSystems":true,"showVisualEffectGraphs":true,"m_FxEnabled":true},"in2DMode":false,"pivot":{"x":-13.250515937805176,"y":-9.4020414352417,"z":29.83022117614746},"rotation":{"x":0.0036390514578670265,"y":-0.014248663559556008,"z":0.0026176865212619306,"w":-1.0003811120986939},"size":4.563499927520752,"orthographic":false}