{"cameraMode":{"drawMode":0,"name":"Shaded","section":"Shading Mode"},"sceneLighting":false,"audioPlay":false,"sceneViewState":{"showFog":true,"showMaterialUpdate":false,"showSkybox":false,"showFlares":true,"showImageEffects":true,"showParticleSystems":true,"showVisualEffectGraphs":true,"m_FxEnabled":true},"in2DMode":false,"pivot":{"x":12.181585311889649,"y":0.009950399398803711,"z":0.48572444915771487},"rotation":{"x":0.10397803783416748,"y":0.7007532119750977,"z":-0.10533146560192108,"w":0.6983574628829956},"size":6.358182907104492,"orthographic":false}